#,Feature,Partition,nbins,Time Cost Median,Time Cost Low Quartile,Time Cost High Quartile,Time Cost Low Whisker,Time Cost High Whisker,Group
1, DLLs_2,B,,6.64e-07,6.11e-07,7.14e-07,5.6e-07,8.68e-07,Metadata ME
2, DLLs_3,B,,6.64e-07,6.11e-07,7.14e-07,5.6e-07,8.68e-07,Metadata ME
5, DLLs_6,B,,6.64e-07,6.11e-07,7.14e-07,5.6e-07,8.68e-07,Metadata ME
6, DLLs_7,B,,6.64e-07,6.11e-07,7.14e-07,5.6e-07,8.68e-07,Metadata ME
8, Checksum,Q,4.0,6.64e-07,6.11e-07,7.14e-07,5.6e-07,8.68e-07,Metadata ME
10, Base_of_Code,Q,6.0,6.64e-07,6.11e-07,7.14e-07,5.6e-07,8.68e-07,Metadata ME
13, Size_of_Image,Q,10.0,6.64e-07,6.11e-07,7.14e-07,5.6e-07,8.68e-07,Metadata ME
14, Size_of_Code,Q1,9.0,6.64e-07,6.11e-07,7.14e-07,5.6e-07,8.68e-07,Metadata ME
16, Size_Of_InitializedData,Q1,9.0,6.64e-07,6.11e-07,7.14e-07,5.6e-07,8.68e-07,Metadata ME
17, Size_Of_UninitializedData,Q1,4.0,6.64e-07,6.11e-07,7.14e-07,5.6e-07,8.68e-07,Metadata ME
18, Size_Of_StackReserve,Q,4.0,6.64e-07,6.11e-07,7.14e-07,5.6e-07,8.68e-07,Metadata ME
23, ratio_between_number_of_standards_sections_found_and_number_of_all_sections_found_in_PE_under_analysis,Q5,8.0,2.38e-05,1.79e-05,3.06e-05,1.16e-05,4.97e-05,Section SE
26, number_of_Writable_and_Executable_sections_PE_holds,F,5.0,2.38e-05,1.79e-05,3.06e-05,1.16e-05,4.97e-05,Section SE
39, maximum_ratio_raw_data_per_virtual_size_among_all_sections,Q,10.0,2.38e-05,1.79e-05,3.06e-05,1.16e-05,4.97e-05,Section SE
49, Entry_Point_Byte_2,N,,6.01e-05,5.49e-05,6.52e-05,4.98e-05,8.05e-05,Entry Bytes EB
51, Entry_Point_Byte_4,N,,6.01e-05,5.49e-05,6.52e-05,4.98e-05,8.05e-05,Entry Bytes EB
72, Entry_Point_Byte_25,N,,6.01e-05,5.49e-05,6.52e-05,4.98e-05,8.05e-05,Entry Bytes EB
77, Entry_Point_Byte_30,N,,6.01e-05,5.49e-05,6.52e-05,4.98e-05,8.05e-05,Entry Bytes EB
78, Entry_Point_Byte_31,N,,6.01e-05,5.49e-05,6.52e-05,4.98e-05,8.05e-05,Entry Bytes EB
81, Entry_Point_Byte_34,N,,6.01e-05,5.49e-05,6.52e-05,4.98e-05,8.05e-05,Entry Bytes EB
84, Entry_Point_Byte_37,N,,6.01e-05,5.49e-05,6.52e-05,4.98e-05,8.05e-05,Entry Bytes EB
86, Entry_Point_Byte_39,N,,6.01e-05,5.49e-05,6.52e-05,4.98e-05,8.05e-05,Entry Bytes EB
101, Entry_Point_Byte_54,N,,6.01e-05,5.49e-05,6.52e-05,4.98e-05,8.05e-05,Entry Bytes EB
102, Entry_Point_Byte_55,N,,6.01e-05,5.49e-05,6.52e-05,4.98e-05,8.05e-05,Entry Bytes EB
103, Entry_Point_Byte_56,N,,6.01e-05,5.49e-05,6.52e-05,4.98e-05,8.05e-05,Entry Bytes EB
104, Entry_Point_Byte_57,N,,6.01e-05,5.49e-05,6.52e-05,4.98e-05,8.05e-05,Entry Bytes EB
107, Entry_Point_Byte_60,N,,6.01e-05,5.49e-05,6.52e-05,4.98e-05,8.05e-05,Entry Bytes EB
111, Entry_Point_Byte_64,N,,6.01e-05,5.49e-05,6.52e-05,4.98e-05,8.05e-05,Entry Bytes EB
116, number_of_addresses_(corresponds_to_functions)_found_in_import_address_table_(IAT),Q3,3.0,0.362323,0.256188,0.479456,0.14456,0.814357,Import Functions IF
